fachada,piso,desde_m,hasta_m,ancho_m,alto_vidrio_m,celosia,tipo,uso,pared_izq_m,pared_der_m,fondo_m,semilla
SE,1,-22.05,-20.55,1.5,1.82-3.37,sí,aula,"sala de profesores",-22.66,-13.2,4.81,32
SE,1,-19.15,-16.96,2.19,1.82-3.37,sí,aula,"sala de profesores",-22.66,-13.2,4.81,32
SE,1,-16.53,-14.34,2.19,1.82-3.37,sí,aula,"sala de profesores",-22.66,-13.2,4.81,32
SE,1,-9.84,-7.65,2.19,1.82-3.37,,pasillo,"pasillo (a lo largo de la fachada)",-11.3,11.75,2.41,17
SE,1,-5.76,-3.56,2.19,1.82-3.37,,pasillo,"pasillo (a lo largo de la fachada)",-11.3,11.75,2.41,17
SE,1,-3.13,-0.95,2.19,1.82-3.37,,pasillo,"pasillo (a lo largo de la fachada)",-11.3,11.75,2.41,17
SE,1,0.95,3.13,2.19,1.82-3.37,,pasillo,"pasillo (a lo largo de la fachada)",-11.3,11.75,2.41,17
SE,1,3.56,5.76,2.19,1.82-3.37,,pasillo,"pasillo (a lo largo de la fachada)",-11.3,11.75,2.41,17
SE,1,7.65,9.84,2.19,1.82-3.37,,pasillo,"pasillo (a lo largo de la fachada)",-11.3,11.75,2.41,17
SE,1,11.82,13.78,1.96,1.14-3.14,,vestíbulo,"vestíbulo (puerta de vidrio)",11.75,13.9,2.81,163
SE,1,14.34,16.53,2.19,1.82-3.37,,recepción,"recepción (vidrio hacia adentro)",13.9,19.9,4.21,158
SE,1,16.96,19.15,2.19,1.82-3.37,,recepción,"recepción (vidrio hacia adentro)",13.9,19.9,4.21,158
SE,1,20.55,22.05,1.5,1.82-3.37,,baño,"baño",19.9,22.66,7.81,34
SE,2,-22.05,-20.55,1.5,5.62-7.12,,aula,"salón",-22.66,-16.75,7.5,186
SE,2,-19.15,-16.96,2.19,5.62-7.12,sí,aula,"salón",-22.66,-16.75,7.5,186
SE,2,-16.53,-14.34,2.19,5.62-7.12,sí,aula,"salón",-16.75,-10.05,7.5,160
SE,2,-12.46,-10.26,2.19,5.62-7.12,,aula,"salón",-16.75,-10.05,7.5,160
SE,2,-9.84,-7.65,2.19,5.62-7.12,,aula,"salón",-10.05,-3.35,7.5,238
SE,2,-5.76,-3.56,2.19,5.62-7.12,,aula,"salón",-10.05,-3.35,7.5,238
SE,2,-3.13,-0.95,2.19,5.62-7.12,,aula,"salón",-3.35,3.35,7.5,212
SE,2,0.95,3.13,2.19,5.62-7.12,,aula,"salón",-3.35,3.35,7.5,212
SE,2,3.56,5.76,2.19,5.62-7.12,,aula,"salón",3.35,10.05,7.5,39
SE,2,7.65,9.84,2.19,5.62-7.12,,aula,"salón",3.35,10.05,7.5,39
SE,2,10.26,12.46,2.19,5.62-7.12,,aula,"salón",10.05,16.75,7.5,13
SE,2,14.34,16.53,2.19,5.62-7.12,,aula,"salón",10.05,16.75,7.5,13
SE,2,16.96,19.15,2.19,5.62-7.12,,aula,"salón",16.75,22.66,7.5,91
SE,2,20.55,22.05,1.5,5.62-7.12,,aula,"salón",16.75,22.66,7.5,91
SE,3,-22.05,-20.55,1.5,9.27-10.77,,aula,"salón",-22.66,-16.75,7.5,200
SE,3,-19.15,-16.96,2.19,9.27-10.77,,aula,"salón",-22.66,-16.75,7.5,200
SE,3,-16.53,-14.34,2.19,9.27-10.77,,aula,"salón",-16.75,-10.05,7.5,226
SE,3,-12.46,-10.26,2.19,9.27-10.77,,aula,"salón",-16.75,-10.05,7.5,226
SE,3,-9.84,-7.65,2.19,9.27-10.77,,aula,"salón",-10.05,-3.35,7.5,148
SE,3,-5.76,-3.56,2.19,9.27-10.77,,aula,"salón",-10.05,-3.35,7.5,148
SE,3,-3.13,-0.95,2.19,9.27-10.77,,aula,"salón",-3.35,3.35,7.5,174
SE,3,0.95,3.13,2.19,9.27-10.77,,aula,"salón",-3.35,3.35,7.5,174
SE,3,3.56,5.76,2.19,9.27-10.77,,aula,"salón",3.35,10.05,7.5,96
SE,3,7.65,9.84,2.19,9.27-10.77,,aula,"salón",3.35,10.05,7.5,96
SE,3,10.26,12.46,2.19,9.27-10.77,,aula,"salón",10.05,16.75,7.5,122
SE,3,14.34,16.53,2.19,9.27-10.77,,aula,"salón",10.05,16.75,7.5,122
SE,3,16.96,19.15,2.19,9.27-10.77,sí,aula,"salón",16.75,22.66,7.5,44
SE,3,20.55,22.05,1.5,9.27-10.77,sí,aula,"salón",16.75,22.66,7.5,44
NO,1,-22.29,-20.56,1.73,1.82-3.37,,aula,"taller",-22.66,-13,10.91,88
NO,1,-18.93,-17.03,1.89,1.82-3.37,,aula,"taller",-22.66,-13,10.91,88
NO,1,-16.07,-14.34,1.73,1.82-3.37,,aula,"taller",-22.66,-13,10.91,88
NO,1,-10.09,-8.56,1.53,1.82-3.37,,pasillo,"pasillo (hacia adentro)",-10.7,-7.9,13.41,43
NO,1,-0.15,1.46,1.61,1.82-3.37,,aula,"biblioteca",-1,9.2,7.91,244
NO,1,2.26,4.11,1.85,1.82-3.37,,aula,"biblioteca",-1,9.2,7.91,244
NO,1,4.6,6.37,1.77,1.82-3.37,,aula,"biblioteca",-1,9.2,7.91,244
NO,1,6.62,8.43,1.81,1.82-3.37,,aula,"biblioteca",-1,9.2,7.91,244
NO,1,18.18,20.11,1.93,1.82-3.37,,oficina,"oficina (dirección)",17.4,22.66,4.51,20
NO,1,20.36,22.49,2.13,1.82-3.37,,oficina,"oficina (dirección)",17.4,22.66,4.51,20
NO,2,-22.41,-20.87,1.53,5.62-7.12,,aula,"salón",-22.66,-13.78,7.5,85
NO,2,-18.45,-16.99,1.45,5.62-7.12,sí,aula,"salón",-22.66,-13.78,7.5,85
NO,2,-16.55,-14.78,1.77,5.62-7.12,sí,aula,"salón",-22.66,-13.78,7.5,85
NO,2,-12.78,-11.37,1.41,5.62-7.12,sí,aula,"salón",-13.78,-7.68,7.5,111
NO,2,-10.76,-8.91,1.85,5.62-7.12,,aula,"salón",-13.78,-7.68,7.5,111
NO,2,-6.45,-4.72,1.73,5.62-7.12,,aula,"salón",-7.68,-1.33,7.5,137
NO,2,-4.31,-2.5,1.81,5.62-7.12,,aula,"salón",-7.68,-1.33,7.5,137
NO,2,-0.15,1.58,1.73,5.62-7.12,,aula,"salón",-1.33,5.21,7.5,163
NO,2,8.83,10.73,1.89,5.62-7.12,sí,aula,"salón",5.21,12.49,7.5,189
NO,2,14.26,15.44,1.18,5.62-7.12,,aula,"salón",12.49,19.11,7.5,215
NO,2,16.52,17.82,1.3,5.62-7.12,,aula,"salón",12.49,19.11,7.5,215
NO,2,20.4,22.49,2.09,5.62-7.12,sí,aula,"salón",19.11,22.66,7.5,241
NO,3,-16.55,-14.78,1.77,9.27-10.77,,aula,"salón",-22.66,-13.78,7.5,141
NO,3,-12.78,-11.37,1.41,9.27-10.77,sí,aula,"salón",-13.78,-7.68,7.5,115
NO,3,-10.76,-8.91,1.85,9.27-10.77,,aula,"salón",-13.78,-7.68,7.5,115
NO,3,-6.45,-4.72,1.73,9.27-10.77,,aula,"salón",-7.68,-1.33,7.5,89
NO,3,-4.31,-2.5,1.81,9.27-10.77,,aula,"salón",-7.68,-1.33,7.5,89
NO,3,-0.15,1.54,1.69,9.27-10.77,,aula,"salón",-1.33,5.21,7.5,63
NO,3,2.26,3.95,1.69,9.27-10.77,,aula,"salón",-1.33,5.21,7.5,63
NO,3,6.46,8.31,1.85,9.27-10.77,sí,aula,"salón",5.21,11.82,7.5,245
NO,3,8.8,10.65,1.85,9.27-10.77,sí,aula,"salón",5.21,11.82,7.5,245
NO,3,12.99,15.08,2.09,9.27-10.77,sí,aula,"salón",11.82,22.66,7.5,219
NE,1,-10.37,-8.42,1.96,1.82-3.37,,oficina,"oficina (dirección)",-11.41,-6.9,5.26,20
NE,1,-5.46,-4.37,1.09,1.82-3.37,,oficina,"oficina (coordinación)",-6.9,-3.4,3.96,116
NE,1,-2.55,-0.49,2.06,1.82-3.37,,oficina,"oficina (finanzas)",-3.4,-0.3,3.96,51
NE,1,0.22,1.28,1.05,2.88-3.37,,baño,"baño",-0.3,3.6,2.76,138
NE,1,5.91,6.9,0.99,2.88-3.37,,baño,"baño",3.6,11.41,2.76,34
NE,2,-10.86,-9.85,1.01,5.62-7.12,sí,aula,"salón",-11.41,-3.84,7.5,191
NE,2,-8.85,-7.87,0.97,5.62-7.12,sí,aula,"salón",-11.41,-3.84,7.5,191
NE,2,-7.17,-5.14,2.03,5.62-7.12,sí,aula,"salón",-11.41,-3.84,7.5,191
NE,2,-2.53,-0.54,2,5.62-7.12,sí,aula,"salón",-3.84,3.43,7.5,217
NE,2,0.13,2.09,1.96,5.62-7.12,sí,aula,"salón",-3.84,3.43,7.5,217
NE,2,4.77,6.87,2.1,5.62-7.12,,aula,"salón",3.43,11.41,7.5,139
NE,2,7.5,8.47,0.97,5.62-7.12,,intacta,"desfogue de la cortadora láser (sin tocar)",7.5,8.47,0,103
NE,2,9.65,10.69,1.04,5.62-7.12,sí,aula,"salón",3.43,11.41,7.5,139
NE,3,-6.37,-3.36,3.01,9.27-10.77,sí,aula,"salón",-11.41,-2.47,7.5,54
NE,3,-1.57,-0.54,1.03,9.27-10.77,sí,aula,"salón",-2.47,3.49,7.5,28
NE,3,0.13,2.13,2,9.27-10.77,sí,aula,"salón",-2.47,3.49,7.5,28
NE,3,4.85,6.99,2.14,9.27-10.77,sí,aula,"salón",3.49,11.41,7.5,106
NE,3,7.53,8.63,1.1,9.27-10.77,sí,aula,"salón",3.49,11.41,7.5,106
NE,3,9.79,10.88,1.1,9.27-10.77,sí,aula,"salón",3.49,11.41,7.5,106
SO,1,-10.8,-9.8,1,2.05-3.37,,aula,"taller",-11.41,-0.5,9.66,88
SO,1,-8.93,-7.78,1.15,2.05-3.37,,aula,"taller",-11.41,-0.5,9.66,88
SO,1,-2.33,-0.77,1.55,2.05-3.37,,aula,"taller",-11.41,-0.5,9.66,88
SO,1,1.23,2.57,1.35,2.05-3.37,,aula,"cafetería",0.6,6.6,7.16,20
SO,1,3.55,5.55,2,2.05-3.37,,aula,"cafetería",0.6,6.6,7.16,20
SO,1,7.85,8.85,1,2.05-3.37,,aula,"sala de profesores",6.6,11.41,9.46,32
SO,1,9.8,10.7,0.9,2.05-3.37,,aula,"sala de profesores",6.6,11.41,9.46,32
SO,2,-10.83,-9.77,1.05,5.62-7.12,sí,aula,"salón",-11.41,-3.21,7.5,50
SO,2,-8.62,-7.58,1.05,5.62-7.12,sí,aula,"salón",-11.41,-3.21,7.5,50
SO,2,-6.95,-4.85,2.1,5.62-7.12,,aula,"salón",-11.41,-3.21,7.5,50
SO,2,-1.57,-0.53,1.05,5.62-7.12,sí,aula,"salón",-3.21,3.49,7.5,24
SO,2,0.14,2.14,2,5.62-7.12,sí,aula,"salón",-3.21,3.49,7.5,24
SO,2,4.85,6.95,2.1,5.62-7.12,sí,aula,"salón",3.49,11.41,7.5,249
SO,2,7.58,8.62,1.05,5.62-7.12,sí,aula,"salón",3.49,11.41,7.5,249
SO,2,9.77,10.83,1.05,5.62-7.12,sí,aula,"salón",3.49,11.41,7.5,249
SO,3,-6.05,-3.95,2.1,9.27-10.77,,aula,"salón",-11.41,-2.76,7.5,117
SO,3,-1.57,-0.53,1.05,9.27-10.77,,aula,"salón",-2.76,3.49,7.5,143
SO,3,0.14,2.14,2,9.27-10.77,,aula,"salón",-2.76,3.49,7.5,143
SO,3,4.85,6.95,2.1,9.27-10.77,,aula,"salón",3.49,11.41,7.5,169
SO,3,7.58,8.62,1.05,9.27-10.77,,aula,"salón",3.49,11.41,7.5,169
SO,3,9.77,10.83,1.05,9.27-10.77,,aula,"salón",3.49,11.41,7.5,169
